,precision,recall,f1-score,support
glioma_tumor,1.0,0.18,0.3050847457627119,100.0
meningioma_tumor,0.88,0.9565217391304348,0.9166666666666666,115.0
no_tumor,0.5303030303030303,1.0,0.693069306930693,105.0
pituitary_tumor,0.9433962264150944,0.6756756756756757,0.7874015748031497,74.0
accuracy,0.7182741116751269,0.7182741116751269,0.7182741116751269,0.7182741116751269
macro avg,0.8384248141795312,0.7030493537015277,0.6755555735408053,394.0
weighted avg,0.8291704033922211,0.7182741116751269,0.6775764847870398,394.0
